metric,value,ci_lower,ci_upper
AUC,0.7432126696832579,0.6032645379023884,0.8654733009708737
Precision@10,0.2,0.0,0.5
