k,precision,lift,expected,random
10,0.2,1.423529411764706,2.0,1.4049586776859504
20,0.3,2.135294117647059,6.0,2.809917355371901
30,0.3333333333333333,2.372549019607843,10.0,4.214876033057851
