group,n,contributors,rate,auc
DB,28,8,28.57142857142857,0.48125
SKILL,34,6,17.647058823529413,0.7321428571428572
OL,17,1,5.88235294117647,0.8125
DL,20,1,5.0,0.5263157894736843
LB,9,1,11.11111111111111,0.0
UNKNOWN,13,0,0.0,
