threshold,predicted,true_positives,precision,recall
0.1,121,17,0.14049586776859505,1.0
0.2,112,17,0.15178571428571427,1.0
0.30000000000000004,76,14,0.18421052631578946,0.8235294117647058
0.4,51,13,0.2549019607843137,0.7647058823529411
0.5,31,11,0.3548387096774194,0.6470588235294118
0.6,17,5,0.29411764705882354,0.29411764705882354
0.7000000000000001,9,2,0.2222222222222222,0.11764705882352941
0.8,0,0,0.0,0.0
